{"(1, 1, (0, 0, 0, 0))": {"1": -8.5, "2": -8.499999999991998, "3": 11.5, "4": 11.499999999999973}, "(1, 1, (0, 0, 1, 0))": {"1": -8.0, "2": -8.5, "3": -10.0, "4": 11.502837068222734}, "(1, 1, (0, 0, 0, 1))": {"1": -8.0, "2": -8.5, "3": 11.5, "4": -10.0}, "(1, 1, (1, 0, 0, 0))": {"1": 0.0, "2": -8.5, "3": 11.5, "4": 11.5}, "(1, 1, (0, 1, 0, 0))": {"1": -8.0, "2": -10.0, "3": 11.5, "4": 0}, "(1, 0, (0, 1, 0, 0))": {"1": -9.0, "2": -10.0, "3": -9.0, "4": -8.5}, "(1, 0, (0, 0, 1, 0))": {"1": -9.000000000077485, "2": -8.5, "3": -10.0, "4": -8.5}, "(1, 0, (1, 0, 0, 0))": {"1": -9.0, "2": -8.5, "3": -8.999999999999986, "4": -8.5}, "(-1, 1, (1, 0, 0, 0))": {"1": -10.0, "2": -9.5, "3": -8.5, "4": -8.5}, "(-1, 1, (0, 0, 0, 0))": {"1": 11.999999999999998, "2": -9.5, "3": -8.0, "4": 0}, "(-1, 1, (0, 0, 1, 0))": {"1": 7.384615384615383, "2": -9.5, "3": 0, "4": 11.967625899280574}, "(1, -1, (1, 0, 0, 0))": {"1": -9.99999468559, "2": 11.489691985457398, "3": 11.0, "4": -8.5}, "(1, -1, (0, 0, 0, 0))": {"1": 0.0, "2": 0.0, "3": 11.0, "4": 0.0}, "(1, -1, (0, 0, 0, 1))": {"1": -9.0, "2": 10.500000001291397, "3": 11.4999997349252, "4": -10.0}, "(1, -1, (0, 0, 1, 0))": {"1": -9.0, "2": 11.499993087545258, "3": 0, "4": -8.5}, "(1, 0, (0, 0, 0, 1))": {"1": -9.0, "2": -8.5, "3": -8.5000000006457, "4": -10.0}, "(1, -1, (0, 1, 0, 0))": {"1": -8.9999985651093, "2": -10.0, "3": 11.0, "4": 0}, "(1, 1, (0, 1, 0, 1))": {"1": -8.295, "2": -9.999999999999153, "3": 11.5, "4": 0}, "(1, 1, (0, 1, 1, 0))": {"1": -7.99997342795, "2": -9.999999999999153, "3": -10.0, "4": 11.5}, "(-1, 1, (0, 1, 0, 0))": {"1": -8.0, "2": -10.0, "3": -8.0, "4": 11.99974259723961}, "(-1, 1, (0, 0, 0, 1))": {"1": 11.999999999999998, "2": -8.0, "3": -8.0, "4": -10.0}, "(-1, -1, (1, 0, 0, 0))": {"1": -9.999999999997176, "2": -9.5, "3": -8.5, "4": -9.5}, "(-1, 0, (1, 0, 0, 0))": {"1": -9.999999999999993, "2": -9.5, "3": -8.499993110908221, "4": -9.5}, "(-1, -1, (0, 0, 0, 1))": {"1": 10.5, "2": -9.5, "3": -9.0, "4": -10.0}, "(-1, 0, (1, 1, 0, 0))": {"1": -10.0, "2": -10.0, "3": -8.5, "4": -9.5}, "(-1, 0, (0, 1, 1, 0))": {"1": 10.5, "2": -10.0, "3": -10.0, "4": -9.5}, "(-1, 0, (0, 0, 1, 0))": {"1": 10.4969382, "2": -9.5, "3": -9.999999999999577, "4": -9.5}, "(-1, 1, (1, 1, 0, 0))": {"1": -10.0, "2": -10.0, "3": -8.49997703645932, "4": -8.5}, "(-1, 1, (0, 1, 1, 0))": {"1": -7.469346153846153, "2": -10.0, "3": -10.0, "4": 11.999999270062832}, "(1, -1, (1, 1, 0, 0))": {"1": -10.0, "2": -10.0, "3": 11.490472829922371, "4": 0}, "(-1, -1, (0, 0, 0, 0))": {"1": -9.0, "2": 10.5, "3": 0, "4": -9.5}, "(-1, -1, (0, 0, 1, 0))": {"1": 10.499999458727341, "2": -10.0, "3": 0, "4": -9.5}, "(-1, 0, (0, 0, 0, 1))": {"1": -9.0, "2": -9.5, "3": -8.0, "4": -9.5}, "(-1, 0, (0, 1, 0, 0))": {"1": -9.5, "2": -10.0, "3": -8.5, "4": -9.5}, "(-1, -1, (0, 1, 0, 0))": {"1": 11.0, "2": -9.99999999999948, "3": -9.0, "4": -9.5}, "(1, 1, (1, 0, 1, 0))": {"1": -10.0, "2": -8.270499999999998, "3": -10.0, "4": 11.5}, "(1, 0, (0, 1, 0, 1))": {"1": -9.04155, "2": -10.0, "3": -8.5, "4": -10.0}, "(1, 0, (0, 1, 1, 0))": {"1": -6.6499999999999995, "2": -8.93655, "3": -10.0, "4": 0}, "(1, 0, (1, 1, 1, 0))": {"1": -10.0, "2": -10.0, "3": 0, "4": 0}, "(-1, 0, (0, 1, 0, 1))": {"1": 10.5, "2": -10.0, "3": -8.5, "4": -10.0}, "(1, 1, (1, 1, 0, 0))": {"1": -10.0, "2": -10.0, "3": 11.5, "4": 0}, "(-1, -1, (0, 1, 0, 1))": {"1": 10.5, "2": 0, "3": 0, "4": 0}, "(-1, -1, (0, 0, 1, 1))": {"1": 10.5, "2": -9.5, "3": -10.0, "4": -10.0}, "(1, -1, (0, 0, 1, 1))": {"1": -8.999999999999995, "2": 11.5, "3": 0, "4": -9.0585}, "(1, -1, (1, 0, 0, 1))": {"1": -10.0, "2": 11.5, "3": 11.0, "4": -10.0}, "(-1, 0, (0, 0, 0, 0))": {"1": 10.5, "2": 0, "3": 0, "4": 0}, "(-1, 1, (1, 0, 1, 0))": {"1": -10.0, "2": -9.5, "3": -10.0, "4": 10.817572339483934}, "(-1, -1, (1, 0, 1, 0))": {"1": -10.0, "2": 10.5, "3": -10.0, "4": 0}, "(-1, 1, (0, 0, 1, 1))": {"1": -9.5, "2": -9.499999999999998, "3": -10.0, "4": -10.0}, "(1, 1, (1, 0, 0, 1))": {"1": -10.0, "2": -8.5, "3": 11.5, "4": -10.0}, "(-1, -1, (0, 1, 1, 0))": {"1": 10.5, "2": 0, "3": 0, "4": 0}, "(-1, -1, (1, 1, 0, 0))": {"1": -10.0, "2": -10.0, "3": -8.615384615384615, "4": -9.5}, "(1, 0, (0, 0, 0, 0))": {"1": -9.00000295245, "2": -8.5, "3": 11.0, "4": 0}, "(1, 0, (1, 0, 0, 1))": {"1": -8.9999958370455, "2": -8.5, "3": 11.0, "4": 0}, "(1, 0, (0, 0, 1, 1))": {"1": -8.999986123485, "2": -8.4998326945, "3": -10.0, "4": 0}, "(1, 0, (1, 1, 0, 0))": {"1": -10.0, "2": -10.0, "3": 11.118913196894848, "4": -8.5}, "(1, 1, (0, 0, 1, 1))": {"1": -9.153846153846153, "2": -8.499999999999934, "3": -10.0, "4": -10.0}, "(-1, 0, (0, 0, 1, 1))": {"1": 10.5, "2": -9.5, "3": -10.0, "4": -10.0}, "(1, -1, (1, 0, 1, 0))": {"1": -10.0, "2": 11.0, "3": 0, "4": 0}, "(-1, 1, (0, 1, 0, 1))": {"1": 10.5, "2": 0, "3": 0, "4": 0}, "(-1, -1, (1, 0, 0, 1))": {"1": -10.0, "2": -9.5, "3": -8.5, "4": -10.0}, "(-1, 0, (1, 0, 1, 0))": {"1": -10.0, "2": -10.0, "3": -10.0, "4": -9.5}, "(-1, -1, (0, 1, 1, 1))": {"1": 10.5, "2": -10.0, "3": -10.0, "4": -10.0}, "(1, 1, (1, 1, 0, 1))": {"1": -10.0, "2": -10.0, "3": 11.5, "4": 0}, "(-1, 1, (1, 0, 0, 1))": {"1": -10.0, "2": -9.5, "3": -8.5, "4": -10.0}, "(1, 1, (1, 0, 1, 1))": {"1": -10.0, "2": 0, "3": 0, "4": 0}, "(1, -1, (0, 1, 1, 0))": {"1": -8.19, "2": -10.0, "3": -10.0, "4": 0}, "(1, -1, (1, 1, 0, 1))": {"1": -10.0, "2": -10.0, "3": 11.5, "4": 0}, "(1, 0, (1, 1, 0, 1))": {"1": -10.0, "2": -10.0, "3": 11.5, "4": -10.0}, "(-1, 1, (1, 1, 0, 1))": {"1": -10.0, "2": 0, "3": 0, "4": 0}, "(-1, 0, (1, 0, 0, 1))": {"1": -10.0, "2": -8.5, "3": -7.9999989105459495, "4": -10.0}, "(-1, 1, (1, 1, 1, 1))": {"1": -10.0, "2": -9.5, "3": -10.0, "4": -10.0}, "(1, 1, (1, 1, 1, 0))": {"1": -10.0, "2": -10.0, "3": -10.0, "4": 11.5}, "(-1, 0, (0, 1, 1, 1))": {"1": 10.5, "2": -10.0, "3": -10.0, "4": -10.0}, "(-1, 1, (1, 0, 1, 1))": {"1": -10.0, "2": -9.5, "3": -10.0, "4": -10.0}, "(-1, 1, (1, 1, 1, 0))": {"1": -10.0, "2": -10.0, "3": -10.0, "4": 11.653846153846153}, "(-1, 1, (0, 1, 1, 1))": {"1": 10.95, "2": 0, "3": 0, "4": 0}, "(1, -1, (0, 1, 0, 1))": {"1": -9.0, "2": -10.0, "3": 0, "4": 0}, "(-1, -1, (1, 1, 0, 1))": {"1": -10.0, "2": -10.0, "3": -8.5, "4": 0}, "(-1, 0, (1, 1, 0, 1))": {"1": -10.0, "2": 0, "3": 0, "4": 0}, "(-1, 0, (1, 1, 1, 0))": {"1": -10.0, "2": -10.0, "3": -10.0, "4": 0}, "(1, 0, (0, 1, 1, 1))": {"1": -5.6, "2": 0, "3": 0, "4": 0}, "(-1, -1, (1, 1, 1, 0))": {"1": -10.0, "2": 0, "3": 0, "4": 0}, "(-1, -1, (1, 0, 1, 1))": {"1": -10.0, "2": 10.5, "3": 0, "4": 0}, "(-1, -1, (1, 1, 1, 1))": {"1": -10.0, "2": 0, "3": 0, "4": 0}, "(1, 0, (1, 0, 1, 0))": {"1": -10.0, "2": 0, "3": 0, "4": 0}}