{"(-1, -1, (1, 0, 0, 0))": {"1": -225.71428571422882, "2": 1957.0453534514436, "3": 2.896406480542833, "4": -105.30288583283664}, "(-1, 1, (1, 0, 0, 0))": {"1": -115.71428799189, "2": -41.27813413039392, "3": -0.7047342998277952, "4": 3679.3895168916124}, "(-1, -1, (0, 0, 1, 0))": {"1": -105.10288560591162, "2": 3565.3701404142007, "3": 0, "4": 3546.3107549155075}, "(1, -1, (0, 0, 1, 0))": {"1": 14.190335747011362, "2": 3351.0418763475072, "3": -265.7142857142862, "4": -84.4487640733098}, "(1, -1, (0, 0, 0, 1))": {"1": 25.058692622225823, "2": 3898.2362857062612, "3": 25.23102748501576, "4": -37.32428571428572}, "(1, 0, (0, 0, 0, 1))": {"1": -34.31155, "2": 3743.7033979265325, "3": -13.422737429887018, "4": -185.71428574915356}, "(1, 0, (0, 0, 1, 0))": {"1": 7023.496585104095, "2": -44.74805034471393, "3": -295.7142857142858, "4": 553.2632825887603}, "(1, 1, (0, 1, 0, 1))": {"1": -6.6499999999999995, "2": -615.7142857142858, "3": 3557.5797956947245, "4": 0}, "(1, 1, (0, 1, 1, 0))": {"1": -6.78225212, "2": -38.944285714285726, "3": -295.7142857142858, "4": 3615.750378665269}, "(1, 1, (1, 0, 0, 0))": {"1": -7.0, "2": 3839.5354999658302, "3": 3833.0630801868556, "4": -2.369617949230454}, "(-1, -1, (0, 1, 0, 0))": {"1": 3660.605935211437, "2": -165.71428571982028, "3": -2.4357139618389585, "4": 24.78564519834757}, "(1, -1, (1, 0, 0, 1))": {"1": -415.7142857142857, "2": -12.501320625714238, "3": 3922.278872669356, "4": -165.71428589508193}, "(1, -1, (0, 0, 0, 0))": {"1": -14.706041699999998, "2": -95.30288581599602, "3": 1367.422090976628, "4": -25.269965}, "(1, -1, (1, 0, 0, 0))": {"1": -55.71741, "2": 3703.809534347455, "3": -115.30288579774259, "4": 3322.3111071167377}, "(1, 0, (0, 0, 0, 0))": {"1": -74.714709055, "2": 699.0288657143102, "3": 0, "4": 0}, "(1, 0, (0, 1, 1, 0))": {"1": -64.21555105, "2": -55.71741, "3": -375.7142857142857, "4": -18.313877646173207}, "(1, 1, (0, 0, 0, 1))": {"1": -2.646760282686622, "2": -6.3, "3": 3874.8766199906204, "4": -95.71458325511084}, "(1, 1, (0, 0, 1, 0))": {"1": -35.20803685, "2": -14.57948004319828, "3": -85.71437007, "4": 3469.1673023756157}, "(1, 1, (0, 0, 0, 0))": {"1": -5.684, "2": -15.049797101805979, "3": 0, "4": 4027.2676534086277}, "(1, 1, (0, 1, 0, 0))": {"1": 3472.8111071167377, "2": -45.81157007, "3": 3620.474847084027, "4": 9.775074456519793}, "(1, 1, (1, 1, 0, 0))": {"1": -235.71428571431113, "2": -245.7142857142861, "3": 3857.214284234196, "4": 0}, "(1, 0, (0, 1, 0, 0))": {"1": -2.8980744610542244, "2": -245.7142857142861, "3": -0.03864012070052225, "4": 1949.590218571118}, "(1, 1, (1, 0, 0, 1))": {"1": -26.527410000000003, "2": 662.8345745620659, "3": 1590.7726455782763, "4": -365.7142857142857}, "(-1, 1, (0, 1, 0, 0))": {"1": 3673.7150663949687, "2": -285.7142857142858, "3": 3620.5034148090454, "4": -30.98199142036625}, "(-1, 1, (0, 0, 1, 0))": {"1": 3645.764285477959, "2": 3614.003414809046, "3": -185.71428571478384, "4": 3632.2632825887604}, "(1, 1, (1, 0, 1, 0))": {"1": -155.7142857327343, "2": -10.33295589102768, "3": -1565.7142857142858, "4": 2692.2273543348642}, "(-1, 1, (0, 0, 0, 1))": {"1": 3632.68824905602, "2": -15.757, "3": -10.989306860000001, "4": -25.830000000000002}, "(1, 1, (0, 0, 1, 1))": {"1": -33.734622234648384, "2": 6206.68697244103, "3": -25.830000000000002, "4": -405.7142857142857}, "(-1, 1, (0, 0, 0, 0))": {"1": -2.4121056219606487, "2": -14.84, "3": -16.67630656239786, "4": 7938.735239722034}, "(-1, 1, (1, 1, 0, 0))": {"1": -105.71429330630001, "2": -255.71428571429132, "3": 3683.7632825887604, "4": 3686.664899834419}, "(1, -1, (0, 1, 0, 0))": {"1": -21.270529818381462, "2": -575.7142857142858, "3": 3294.803619414376, "4": -25.217987555588305}, "(1, -1, (0, 0, 1, 1))": {"1": -15.294999999999998, "2": 3341.0418763475072, "3": -155.7142857327343, "4": -275.71428571428635}, "(-1, 0, (0, 1, 0, 0))": {"1": -4.481172541664715, "2": -275.7142857142861, "3": 3008.964953270584, "4": 0}, "(-1, 0, (0, 1, 1, 0))": {"1": -3.7857139618389524, "2": -175.71428571594606, "3": -1255.7142857142858, "4": 1501.928501884201}, "(-1, -1, (0, 0, 0, 0))": {"1": 4122.76328258876, "2": 0, "3": 0, "4": 38.015846295}, "(-1, -1, (1, 1, 0, 0))": {"1": -45.7247, "2": -805.7142857142858, "3": 5789.158899283505, "4": 1734.388030193661}, "(-1, 1, (1, 0, 0, 1))": {"1": -4215.714285714286, "2": -44.81208627019544, "3": 302.9499591774506, "4": -705.7142857142857}, "(1, -1, (1, 1, 0, 0))": {"1": -45.8600933063, "2": -26.527410000000003, "3": 1628.5663982254646, "4": 0}, "(-1, 0, (0, 0, 1, 0))": {"1": 4076.2141308018918, "2": -3.0619204223536136, "3": 0, "4": -13.78571396125782}, "(-1, -1, (1, 0, 0, 1))": {"1": -75.71456690000001, "2": 3546.3111071167377, "3": 2.3486336817881934, "4": 0}, "(1, 0, (1, 1, 0, 0))": {"1": -255.71428571428584, "2": -205.71428571433057, "3": -10.358787737253483, "4": 2083.2632825887604}, "(1, 0, (1, 0, 0, 1))": {"1": -95.714311021, "2": -6.729492069168814, "3": 2062.5803378859687, "4": 0}, "(-1, -1, (0, 1, 1, 0))": {"1": 3283.8572874139245, "2": 0, "3": 0, "4": -105.30288580307328}, "(-1, -1, (0, 0, 1, 1))": {"1": 2041.9027957648816, "2": 0, "3": -85.71437007, "4": 0}, "(-1, -1, (0, 0, 0, 1))": {"1": 1673.7632825887601, "2": 3364.215103422456, "3": 3363.5103380543387, "4": -1015.7142857142858}, "(-1, 0, (0, 0, 0, 1))": {"1": 4092.2632825887604, "2": 0.0, "3": 0.0, "4": 0.0}, "(-1, 0, (1, 0, 0, 1))": {"1": -145.71428577578104, "2": -50.72831345949935, "3": 5953.104398479717, "4": -3385.714285714286}, "(-1, 0, (0, 1, 0, 1))": {"1": 1523.7632825887601, "2": -125.71428639756701, "3": -32.203194436, "4": -1455.7142857142858}, "(-1, 0, (0, 0, 1, 1))": {"1": 2392.7632825887604, "2": -45.074295, "3": -425.7142857142857, "4": -285.7142857142858}, "(1, -1, (0, 1, 0, 1))": {"1": -6.463435238813586, "2": -835.7142857142858, "3": 6422.503994555205, "4": 0}, "(1, 0, (0, 0, 1, 1))": {"1": 1616.230876429199, "2": -25.431546811033137, "3": -10945.714285714286, "4": -565.7142857142858}, "(1, 0, (1, 0, 0, 0))": {"1": -95.714311021, "2": 2053.0803378859687, "3": 24.039230376079594, "4": -24.567121340718188}, "(-1, -1, (0, 1, 1, 1))": {"1": 666.9220909766279, "2": 0, "3": 0, "4": 0}, "(-1, 1, (1, 0, 1, 0))": {"1": -345.7142857142857, "2": -22.73257186275948, "3": -405.7142857142857, "4": 1899.7352397220343}, "(-1, 1, (0, 1, 1, 0))": {"1": -10.09385943621545, "2": -295.7142857142858, "3": -265.7142857142858, "4": 3128.892846519043}, "(1, -1, (0, 1, 1, 0))": {"1": 5582.4370204602965, "2": -255.71428571428584, "3": -385.7142857142857, "4": 5596.592561951144}, "(-1, 1, (0, 0, 1, 1))": {"1": -6.325686954057802, "2": 3622.2632825887604, "3": -515.7142857142858, "4": -455.7142857142857}, "(-1, 0, (1, 0, 0, 0))": {"1": -615.7142857142858, "2": -14.735, "3": -16.504205550000002, "4": 3017.464953270584}, "(1, 1, (1, 0, 1, 1))": {"1": -555.7142857142858, "2": -6.3, "3": -2625.714285714286, "4": -7995.714285714286}, "(1, 0, (1, 0, 1, 0))": {"1": -16.1, "2": -14.84, "3": -695.7142857142857, "4": 6148.755504974515}, "(-1, -1, (1, 1, 0, 1))": {"1": -805.7142857142858, "2": -905.7142857142858, "3": 1723.2632825887604, "4": -2615.714285714286}, "(1, -1, (1, 1, 1, 0))": {"1": -2945.714285714286, "2": -5635.714285714285, "3": -12315.714285714286, "4": 347.4399881895866}, "(-1, -1, (1, 0, 1, 0))": {"1": -375.7142857142857, "2": 4690.991291661769, "3": 0, "4": 0}, "(1, -1, (1, 0, 1, 1))": {"1": -1935.7142857142858, "2": 2382.7632825887604, "3": 0.0, "4": -415.7142857142857}, "(1, 0, (0, 1, 0, 1))": {"1": -23.05831127845, "2": -425.7142857142857, "3": 2850.2352397220343, "4": 0}, "(-1, 0, (0, 0, 0, 0))": {"1": 2288.0788133444457, "2": 0, "3": 0, "4": 0}, "(1, -1, (0, 1, 1, 1))": {"1": 878.5788136384122, "2": -1125.7142857142858, "3": -2015.7142857142858, "4": -14855.714285714286}, "(-1, -1, (0, 1, 0, 1))": {"1": 676.9220909766279, "2": 0.0, "3": 0.0, "4": 0.0}, "(-1, 1, (1, 1, 0, 1))": {"1": -765.7142857142858, "2": -905.7142857142858, "3": 1803.7632825887604, "4": -1015.7142857142858},