{"(1, -1, (1, 0, 0, 0))": {"1": -8.782018, "2": 11.8, "3": 11.2, "4": 0}, "(1, 1, (1, 0, 0, 0))": {"1": -9.99999468559, "2": -8.2, "3": 11.800000000048815, "4": 11.8}, "(-1, -1, (1, 0, 0, 0))": {"1": -10.0, "2": 11.8, "3": -8.8, "4": -9.4}, "(-1, 1, (1, 0, 0, 0))": {"1": -9.999999999784485, "2": -9.4, "3": -8.19999977679035, "4": -8.79999913906558}, "(-1, 1, (0, 0, 1, 0))": {"1": -7.599999999999996, "2": -9.4, "3": 0, "4": 10.599724437999999}, "(-1, 1, (0, 1, 0, 0))": {"1": 11.860286190819892, "2": -10.0, "3": -7.6, "4": -9.399999687193828}, "(1, 1, (0, 0, 1, 0))": {"1": -7.6, "2": -8.2, "3": -9.999999521703101, "4": 11.8}, "(1, 1, (0, 0, 0, 1))": {"1": -7.6, "2": -8.016399999999999, "3": 11.8, "4": -9.999999999999998}, "(1, 1, (0, 0, 0, 0))": {"1": -5.319999999999999, "2": -8.2, "3": 11.8, "4": 0}, "(1, 1, (0, 1, 0, 0))": {"1": -7.6, "2": -9.999999987085985, "3": 11.926, "4": 0.0}, "(1, 0, (1, 0, 0, 0))": {"1": -9.100000000000001, "2": -8.2, "3": -8.2, "4": -8.2}, "(1, -1, (0, 0, 1, 1))": {"1": -8.74006, "2": 11.2, "3": 0, "4": 0}, "(1, -1, (0, 0, 1, 0))": {"1": -8.79838162, "2": 11.2, "3": 0, "4": -7.462}, "(1, -1, (0, 0, 0, 1))": {"1": -8.8, "2": 11.2, "3": 11.2, "4": -10.0}, "(1, -1, (1, 0, 0, 1))": {"1": -9.99271, "2": 11.200008266908814, "3": 0, "4": -10.0}, "(1, 0, (0, 0, 0, 0))": {"1": -8.248605399999999, "2": -8.2, "3": 11.2, "4": 0}, "(1, 0, (0, 0, 1, 0))": {"1": -8.984615385037365, "2": -9.4, "3": -9.73, "4": -8.2}, "(1, 0, (0, 1, 1, 0))": {"1": -8.016399999999999, "2": -9.997813, "3": -9.999999999968619, "4": -7.6}, "(1, -1, (0, 0, 0, 0))": {"1": -8.008000000000001, "2": 11.2, "3": 0, "4": 0}, "(1, 0, (0, 0, 0, 1))": {"1": -8.836426564, "2": -8.2, "3": -8.2, "4": -9.999999999999998}, "(-1, 1, (1, 0, 0, 1))": {"1": -9.919, "2": -9.399944493940001, "3": -8.2, "4": -10.0}, "(1, -1, (0, 1, 0, 0))": {"1": -8.799984411064, "2": -7.0, "3": 11.2, "4": 0}, "(1, -1, (0, 1, 1, 0))": {"1": -8.793584800000001, "2": -9.999999000474272, "3": -10.0, "4": -8.2}, "(1, 0, (0, 0, 1, 1))": {"1": -8.76652, "2": 0, "3": 0, "4": 0}, "(-1, 1, (0, 0, 0, 0))": {"1": -7.6, "2": 0, "3": 0, "4": 10.6}, "(-1, 1, (1, 0, 1, 0))": {"1": -9.999999702974154, "2": -9.4, "3": -9.999999999997176, "4": 10.599999999999998}, "(-1, 1, (0, 0, 1, 1))": {"1": 10.610213458253654, "2": -9.373756, "3": -10.0, "4": -9.99999995695328}, "(1, -1, (1, 1, 0, 0))": {"1": -7.0, "2": -9.99999995695328, "3": 11.2, "4": 0}, "(-1, 1, (0, 1, 0, 1))": {"1": -8.782018, "2": -9.99999468559, "3": 0, "4": -10.0}, "(1, 1, (0, 1, 1, 0))": {"1": -7.5944595999999995, "2": -10.0, "3": -10.0, "4": 11.8}, "(1, 1, (1, 1, 0, 0))": {"1": -9.997813, "2": -9.73, "3": 11.8, "4": 0}, "(1, 0, (0, 1, 0, 0))": {"1": -9.4, "2": -9.999999999999998, "3": -6.9012532135927085, "4": -8.801674}, "(1, 1, (0, 0, 1, 1))": {"1": -8.8, "2": -8.2, "3": -9.999998405677001, "4": -10.0}, "(1, 1, (1, 0, 0, 1))": {"1": -9.999999999999746, "2": -8.2, "3": 11.8, "4": 0}, "(-1, 1, (1, 1, 0, 0))": {"1": -9.998648434000899, "2": -10.0, "3": -8.162197519927355, "4": -8.2}, "(-1, 1, (0, 1, 1, 0))": {"1": -2.016369139007788, "2": -10.0, "3": -10.0, "4": -9.4}, "(-1, 1, (0, 0, 0, 1))": {"1": 12.4, "2": 0, "3": 0, "4": -7.0}, "(-1, -1, (0, 0, 0, 0))": {"1": -8.798075440000002, "2": 11.2, "3": 0, "4": 0}, "(-1, -1, (0, 1, 0, 0))": {"1": 11.2, "2": -10.0, "3": -8.2, "4": -9.4}, "(-1, -1, (0, 0, 1, 0))": {"1": 9.90503597122302, "2": 11.211340744066217, "3": 0, "4": -9.399999865120275}, "(-1, 0, (0, 1, 0, 0))": {"1": 10.599919811454164, "2": -10.0, "3": -8.2, "4": -9.4}, "(-1, 0, (0, 0, 1, 0))": {"1": 10.599924771573999, "2": -9.4, "3": -10.0, "4": -9.4}, "(-1, -1, (0, 0, 0, 1))": {"1": 6.584615384615383, "2": 11.201020668769528, "3": -8.8, "4": 0}, "(-1, 0, (0, 1, 1, 0))": {"1": 10.599081459853554, "2": -10.0, "3": -10.0, "4": -9.4}, "(1, 0, (1, 0, 0, 1))": {"1": -10.0, "2": -8.199999999999994, "3": 11.2, "4": 0}, "(-1, -1, (1, 1, 0, 0))": {"1": -10.0, "2": -10.0, "3": -7.776598000000275, "4": -9.4}, "(1, 0, (0, 1, 0, 1))": {"1": -5.319999999999999, "2": -10.0, "3": -8.2, "4": -10.0}, "(-1, 0, (0, 0, 0, 1))": {"1": -8.8, "2": -9.4, "3": -8.2, "4": -10.0}, "(-1, 0, (0, 0, 1, 1))": {"1": 10.599999999999998, "2": -9.377158000000001, "3": -10.0, "4": -10.0}, "(1, 1, (0, 1, 0, 1))": {"1": -8.799999999999944, "2": -10.0, "3": 11.8, "4": 0}, "(1, 1, (0, 1, 1, 1))": {"1": -8.523076923076923, "2": 0, "3": 0, "4": 0}, "(1, 1, (1, 0, 1, 0))": {"1": -9.99999985651093, "2": -8.2, "3": -10.0, "4": 11.8}, "(-1, -1, (0, 0, 1, 1))": {"1": -8.799999997675478, "2": 11.072979393426676, "3": 0, "4": 0}, "(1, -1, (1, 1, 0, 1))": {"1": -10.0, "2": -10.0, "3": 11.2, "4": 0}, "(1, 1, (1, 0, 1, 1))": {"1": -10.0, "2": -8.2, "3": -10.0, "4": -10.0}, "(1, -1, (1, 0, 1, 0))": {"1": -10.0, "2": 11.2, "3": 0, "4": 0}, "(1, -1, (0, 1, 0, 1))": {"1": -8.008000000000001, "2": -10.0, "3": 11.799999999999946, "4": 0}, "(-1, 1, (0, 1, 1, 1))": {"1": 10.599999999999998, "2": -10.0, "3": -10.0, "4": -10.0}, "(-1, 1, (1, 1, 1, 0))": {"1": -10.0, "2": -10.0, "3": -10.0, "4": -3.400000001627166}, "(-1, -1, (0, 1, 1, 0))": {"1": 10.637800243850723, "2": -10.0, "3": -10.0, "4": -9.39999999999115}, "(-1, -1, (1, 0, 0, 1))": {"1": -9.999999987085985, "2": 11.2, "3": 0, "4": 0}, "(-1, 0, (1, 1, 0, 0))": {"1": -10.0, "2": -10.0, "3": -8.199999776794744, "4": -9.4}, "(-1, 0, (1, 0, 0, 0))": {"1": -10.0, "2": -9.4, "3": -8.203402000014645, "4": -9.4}, "(1, 0, (1, 1, 0, 0))": {"1": -10.0, "2": -10.0, "3": -8.8, "4": -8.2}, "(-1, 1, (1, 0, 1, 1))": {"1": -10.0, "2": -9.4, "3": 0, "4": 0}, "(1, 1, (1, 1, 1, 0))": {"1": -10.0, "2": -10.0, "3": -10.0, "4": 11.8}, "(-1, -1, (1, 0, 1, 0))": {"1": -10.0, "2": 11.2, "3": 0, "4": 0}, "(-1, 0, (0, 1, 1, 1))": {"1": -9.4, "2": -10.0, "3": -10.0, "4": 0}, "(-1, -1, (1, 1, 0, 1))": {"1": -10.0, "2": -10.0, "3": -8.2, "4": -10.0}, "(-1, 0, (1, 0, 1, 0))": {"1": -10.0, "2": -9.4, "3": -10.0, "4": -9.4}, "(-1, -1, (0, 1, 0, 1))": {"1": 10.599999999999998, "2": 0, "3": 0, "4": 0}, "(-1, 0, (0, 1, 0, 1))": {"1": -8.8, "2": -10.0, "3": -8.2, "4": -10.0}, "(-1, -1, (1, 1, 1, 0))": {"1": -10.0, "2": -10.0, "3": -10.0, "4": -9.4}, "(1, -1, (1, 1, 1, 0))": {"1": -10.0, "2": -10.0, "3": 0, "4": 0}, "(1, 0, (1, 1, 0, 1))": {"1": -10.0, "2": -10.0, "3": 12.4, "4": -10.0}, "(-1, 0, (1, 1, 0, 1))": {"1": -10.0, "2": -10.0, "3": -8.199991733091185, "4": -10.0}, "(-1, 0, (1, 1, 1, 0))": {"1": -10.0, "2": -10.0, "3": -10.0, "4": -9.4}, "(-1, -1, (0, 1, 1, 1))": {"1": 11.020333758097868, "2": 0, "3": 0, "4": 0}, "(1, 0, (1, 1, 1, 0))": {"1": -10.0, "2": 0, "3": 0, "4": 0}, "(-1, 0, (1, 0, 0, 1))": {"1": -10.0, "2": -9.4, "3": -8.238848920863308, "4": -10.0}, "(1, 1, (1, 1, 0, 1))": {"1": -10.0, "2": -10.0, "3": 11.8, "4": 0}, "(-1, 1, (1, 1, 0, 1))": {"1": -10.0, "2": -10.0, "3": -8.2, "4": -10.0}, "(-1, -1, (1, 1, 1, 1))": {"1": -10.0, "2": -10.0, "3": -10.0, "4": -10.0}, "(-1, 0, (1, 0, 1, 1))": {"1": -10.0, "2": -9.4, "3": -10.0, "4": -10.0}, "(1, -1, (0, 1, 1, 1))": {"1": -8.8, "2": -10.0, "3": 0, "4": 0}, "(-1, 0, (0, 0, 0, 0))": {"1": 10.599999999999998, "2": 0, "3": 0, "4": 0}, "(1, -1, (1, 0, 1, 1))": {"1": -10.0, "2": 0, "3": 0, "4": 0}}