{"(-1, 1, (1, 0, 0, 0))": {"1": -325.7142857142857, "2": -30.330591831924764, "3": 1342.0064940455704, "4": 1334.9050704417582}, "(-1, -1, (1, 0, 0, 0))": {"1": -155.7142857327343, "2": 963.5008097794816, "3": -5.821742128771463, "4": -10.7796461115}, "(1, 1, (1, 0, 0, 0))": {"1": -55.71741, "2": 2.6288956803827066, "3": 10.16042763358799, "4": 1229.7263069700327}, "(-1, 1, (0, 0, 1, 0))": {"1": 1596.2140853922247, "2": -21.77999098126258, "3": 0, "4": -13.73115870974664}, "(1, 1, (0, 0, 1, 0))": {"1": 3.8790809914874105, "2": -5.259099751279946, "3": -16.1, "4": 1179.5204550571427}, "(1, 1, (0, 0, 0, 1))": {"1": 4.568876379932094, "2": 2.980898189813926, "3": 1183.4819935186813, "4": -215.71428571472507}, "(1, 1, (1, 0, 1, 0))": {"1": -155.7142857327343, "2": -12.734479395314782, "3": -325.7142857142857, "4": 843.5634081011115}, "(-1, -1, (0, 0, 0, 0))": {"1": 1088.177716012286, "2": -75.19770484036893, "3": 3.2549846788738623, "4": 0}, "(-1, -1, (0, 0, 1, 0))": {"1": 1372.252758648276, "2": -15.019816465841085, "3": 0, "4": 1009.6743012109889}, "(-1, -1, (0, 0, 0, 1))": {"1": 929.9754024161468, "2": 0, "3": -7.125217483764492, "4": -305.7142857142858}, "(1, -1, (0, 0, 1, 0))": {"1": -15.788499999999999, "2": 1354.7462274026186, "3": 0.0, "4": -5.949999999999999}, "(1, -1, (1, 0, 1, 0))": {"1": -155.7142857327343, "2": 1368.6762860880563, "3": -165.71428571982028, "4": -415.2142857123486}, "(-1, 1, (0, 0, 0, 0))": {"1": 1608.1762860880563, "2": 0, "3": 0, "4": 109.51563669833256}, "(1, -1, (1, 0, 0, 0))": {"1": -24.43413, "2": 1368.1762860880563, "3": 29.6798801241227, "4": 27.835063680123074}, "(1, -1, (0, 0, 0, 1))": {"1": 1344.3411817869783, "2": 1351.7287869878292, "3": 1271.7127627494506, "4": -23.729594919270102}, "(1, 0, (0, 0, 0, 1))": {"1": -50.21974684999999, "2": -44.231179999999995, "3": 1222.7874580491693, "4": -325.7142857142857}, "(1, 1, (0, 0, 0, 0))": {"1": -0.28000000000000025, "2": 28.014716167679133, "3": 0, "4": 7447.214285715281}, "(1, 1, (0, 1, 0, 0))": {"1": -3.6662155904553098, "2": -85.72255257428571, "3": 1320.020455057143, "4": 1423.9522855111038}, "(1, 1, (1, 1, 0, 0))": {"1": -25.830000000000002, "2": -235.71428571428694, "3": 4527.714285715281, "4": 888.3666089032967}, "(1, -1, (1, 0, 0, 1))": {"1": -135.7142859192701, "2": 1394.7207925507803, "3": 0, "4": -135.71432445633462}, "(1, 1, (1, 0, 0, 1))": {"1": -45.70896566495, "2": 2.8227323698601863, "3": 1249.6762860880565, "4": -335.7142857142857}, "(1, 1, (0, 0, 1, 1))": {"1": 3552.3186813186812, "2": 3567.2142857152817, "3": -115.71428799189, "4": -1265.7142857142858}, "(1, -1, (0, 0, 0, 0))": {"1": 9.266236178037728, "2": 1688.7292597143482, "3": 17.938187581999998, "4": 13.485971299793356}, "(1, -1, (0, 0, 1, 1))": {"1": -15.809172509927414, "2": 1261.4435319802196, "3": 0, "4": -1025.7142857142858}, "(1, 0, (0, 0, 1, 0))": {"1": -37.003335098485, "2": -20.76655, "3": -175.71428571594606, "4": 6097.214285715283}, "(1, 0, (0, 1, 0, 0))": {"1": -42.6776013433455, "2": -485.7142857142858, "3": 554.0204550571428, "4": 0}, "(-1, 1, (0, 0, 0, 1))": {"1": 3144.1263736263736, "2": -66.2032316761298, "3": 3.1632811448016, "4": -45.7247}, "(-1, 1, (1, 1, 0, 0))": {"1": -175.71428571594606, "2": -95.714311021, "3": 399.17772585378617, "4": 3222.882559619876}, "(1, 1, (0, 1, 0, 1))": {"1": -15.294999999999998, "2": -7.0, "3": 1893.392178201264, "4": 0}, "(1, 1, (0, 1, 1, 0))": {"1": -6.6499999999999995, "2": -155.7142857327343, "3": -33.00428571428572, "4": 778.6024930445121}, "(1, 0, (1, 0, 0, 1))": {"1": -125.71428639756701, "2": 879.1762860880563, "3": 1289.1762860880563, "4": -3625.7142857142862}, "(-1, 1, (1, 0, 1, 0))": {"1": -175.71428571594606, "2": -0.3685919204646839, "3": -2175.714285714286, "4": 268.1762860880564}, "(-1, -1, (0, 1, 0, 0))": {"1": 1308.3331767047896, "2": -145.71428577578104, "3": 0, "4": 0}, "(-1, -1, (0, 0, 1, 1))": {"1": 1027.7127627494517, "2": 78.17936497979989, "3": 0, "4": 0}, "(1, 0, (1, 0, 0, 0))": {"1": -195.71428571443516, "2": 1256.0589165956044, "3": 1273.1142857106247, "4": 1.1221557312110773}, "(-1, -1, (0, 1, 1, 0))": {"1": 28.538461538461537, "2": -795.7142857142858, "3": -1185.7142857142858, "4": -25.041032426629403}, "(-1, 1, (1, 0, 0, 1))": {"1": -175.71428571594606, "2": 2118.128982528263, "3": 2132.6876957677746, "4": -1915.7142857142858}, "(-1, 1, (0, 0, 1, 1))": {"1": 3876.2088055219847, "2": -15.294999999999998, "3": -85.71437007, "4": 0}, "(1, -1, (0, 1, 0, 0))": {"1": -20.037334951352605, "2": 0, "3": 5739.595646760384, "4": 0}, "(1, 0, (0, 1, 1, 0))": {"1": -31.976880049240002, "2": -255.71428571428584, "3": -2245.714285714286, "4": 1317.9162857142858}, "(1, 0, (0, 0, 1, 1))": {"1": -9.12219812, "2": -33.4000890889045, "3": -2635.714285714286, "4": -2555.714285714286}, "(1, -1, (0, 1, 1, 0))": {"1": -0.5320217, "2": -335.7142857142857, "3": -2775.714285714286, "4": 25.87117900382207}, "(-1, 0, (0, 0, 0, 1))": {"1": 528.1762860880563, "2": -23.419633998736142, "3": 0, "4": -75.73987361428571}, "(-1, 0, (0, 0, 1, 0))": {"1": 486.2143447928472, "2": 11.246118102044882, "3": 0, "4": -1.3918629638450843}, "(1, -1, (1, 1, 1, 0))": {"1": -10.8885, "2": -2255.714285714286, "3": -1165.7142857142858, "4": -393.8956043956044}, "(-1, 1, (0, 1, 0, 0))": {"1": 6.74083501868132, "2": -745.7142857142858, "3": -27.006429504854275, "4": 1457.8118405843375}, "(-1, 1, (0, 1, 1, 0))": {"1": 256.31184058433746, "2": -305.7142857142858, "3": 0, "4": 0}, "(1, -1, (1, 1, 0, 0))": {"1": -3675.7142857142862, "2": -1295.7142857142858, "3": -402.89560439560444, "4": 5031.775259649544}, "(1, 0, (0, 1, 0, 1))": {"1": -44.3909417, "2": -185.71428571478384, "3": 4414.564234326825, "4": -1905.7142857142858}, "(-1, -1, (1, 0, 1, 0))": {"1": -385.7142857142857, "2": 1166.214285715282, "3": -2075.714285714286, "4": -78.49934385695045}, "(1, 0, (1, 1, 0, 0))": {"1": -195.71428571443516, "2": -335.7142857142857, "3": 1245.5589165956044, "4": 0}, "(-1, 0, (0, 1, 0, 0))": {"1": -31.529018639707232, "2": -1325.7142857142858, "3": -24.274816507432078, "4": 1408.1762860880563}, "(-1, -1, (0, 1, 0, 1))": {"1": 7165.664835164835, "2": -855.7142857142858, "3": -32.029269623505, "4": -2165.714285714286}, "(-1, -1, (0, 1, 1, 1))": {"1": 916.7142857143044, "2": -4065.7142857142862, "3": -1065.7142857142858, "4": -195.71428571443516}, "(-1, -1, (1, 0, 0, 1))": {"1": -285.7142857142858, "2": 98.36660890329671, "3": 4791.065480391168, "4": -175.71428571594606}, "(-1, 0, (1, 0, 0, 0))": {"1": -2175.714285714286, "2": 3134.1263736263736, "3": -14.717888381656998, "4": -25.360692918396644}, "(-1, -1, (1, 1, 0, 0))": {"1": -655.7142857142857, "2": -155.7142857327343, "3": 88.67637332855418, "4": -413.1263736263736}, "(1, 0, (0, 0, 0, 0))": {"1": 1945.5142857142857, "2": 0, "3": 0, "4": 0}, "(-1, 0, (0, 1, 1, 0))": {"1": 6381.221185720287, "2": -275.7142857142858, "3": 0, "4": 0}, "(-1, 1, (1, 1, 1, 1))": {"1": -1215.7142857142858, "2": -3285.714285714286, "3": -3565.714285714286, "4": 0}, "(1, -1, (0, 1, 1, 1))": {"1": -13.61913, "2": -4075.7142857142862, "3": -2715.714285714286, "4": -435.7142857142857}, "(-1, 0, (0, 0, 1, 1))": {"1": 516.7838609268672, "2": 8.029079028798215, "3": -285.7142857142858, "4": -625.7142857142858}, "(-1, 1, (1, 1, 0, 1))": {"1": -815.7142857142858, "2": -3795.7142857142862, "3": 2108.1557121042374, "4": -2005.7142857142858}, "(1, 1, (1, 1, 0, 1))": {"1": -385.7142857142857, "2": -225.71428571428976, "3": 3177.2142857152817, "4": 0}, "(-1, 1, (0, 1, 0, 1))": {"1": 25.565598201263867, "2": 0, "3": 0, "4": 0}, "(-1, 1, (0, 1, 1, 1))": {"1": 1306.7696745868673, "2": 0, "3": 0, "4": 0}, "(-1, 1, (1, 0, 1, 1))": {"1": -625.7142857142858, "2": 606.7142857152819, "3": -5035.714285714286, "4": -1615.7142857142858}, "(1, -1, (1, 1, 0, 1))": {"1": -945.7142857142858, "2": -2935.714285714286, "3": 5321.0719692119, "4": -4415.714285714286}, "(-1, 0, (1, 1, 0, 1))": {"1": -1715.7142857142858, "2": -8815.714285714286, "3": -14.28, "4": 0},