{"(-1, 1, (0, 0, 0, 0))": {"1": -7.99999971302186, "2": 0, "3": 0, "4": 10.5}, "(-1, 1, (0, 0, 1, 0))": {"1": -8.0, "2": -9.5, "3": -8.0, "4": 10.5}, "(1, 1, (0, 0, 1, 0))": {"1": -8.0, "2": -8.5, "3": -10.0, "4": 11.5}, "(1, 1, (0, 0, 0, 1))": {"1": -8.0, "2": -8.5, "3": 11.5, "4": -10.0}, "(1, 1, (1, 0, 0, 0))": {"1": -8.5, "2": -8.5, "3": 11.5, "4": 11.5}, "(-1, 1, (1, 0, 0, 0))": {"1": -10.0, "2": -9.5, "3": -8.499744849999999, "4": -9.5}, "(-1, 1, (0, 0, 0, 1))": {"1": 11.999999999999998, "2": -8.5, "3": -8.0, "4": -9.999999999999833}, "(-1, 1, (0, 1, 0, 0))": {"1": 11.996938194575756, "2": -9.5, "3": -8.0, "4": -9.5}, "(1, -1, (0, 1, 0, 0))": {"1": -9.0, "2": -9.999999999267775, "3": 11.5, "4": 0}, "(1, -1, (0, 0, 1, 0))": {"1": -9.0, "2": 11.0, "3": 0, "4": -8.5}, "(1, -1, (0, 0, 0, 1))": {"1": -9.0, "2": 11.000000000000329, "3": 11.0, "4": -10.0}, "(1, 0, (0, 0, 0, 1))": {"1": -9.0, "2": -8.5, "3": -9.0, "4": -10.0}, "(1, 0, (0, 0, 1, 0))": {"1": -8.500000001241897, "2": -8.5, "3": -10.0, "4": -9.0}, "(1, 0, (0, 1, 0, 0))": {"1": -9.000255150000001, "2": -9.99999999999999, "3": -8.5, "4": -9.0}, "(1, 0, (0, 0, 0, 0))": {"1": -7.99998582824, "2": -8.499999996706926, "3": 11.495949985794581, "4": 0}, "(1, 1, (0, 1, 0, 0))": {"1": -8.0, "2": -10.0, "3": 11.5, "4": 0}, "(-1, 0, (0, 1, 0, 1))": {"1": 10.5, "2": 0.0, "3": 0.0, "4": 0.0}, "(-1, 0, (0, 0, 1, 1))": {"1": 10.499999939734588, "2": -9.5, "3": -10.0, "4": -10.0}, "(1, -1, (0, 0, 1, 1))": {"1": -8.999999999999998, "2": 11.0, "3": 10.9109, "4": 0}, "(1, -1, (1, 0, 0, 0))": {"1": -10.0, "2": 11.0, "3": 11.0, "4": -8.5}, "(1, -1, (0, 0, 0, 0))": {"1": -9.0, "2": 11.0, "3": 11.0, "4": -8.999999999999858}, "(1, 0, (1, 0, 0, 0))": {"1": -9.0, "2": -8.5, "3": -9.0, "4": -8.5}, "(-1, 0, (0, 1, 0, 0))": {"1": 10.5, "2": -9.5, "3": -9.5, "4": -9.5}, "(-1, 0, (0, 0, 1, 0))": {"1": 10.4668305, "2": -9.5, "3": -10.0, "4": -9.5}, "(-1, -1, (0, 0, 1, 0))": {"1": -9.0, "2": 11.002835620150126, "3": -9.0, "4": -9.5}, "(-1, -1, (0, 0, 0, 1))": {"1": 9.70503597122302, "2": 11.350000055801305, "3": -9.0, "4": -10.0}, "(-1, -1, (0, 1, 0, 0))": {"1": 11.0, "2": -10.0, "3": -9.0, "4": -9.5}, "(1, 1, (0, 1, 1, 0))": {"1": -6.6499999999999995, "2": -9.999999999999998, "3": -10.0, "4": 11.5}, "(-1, -1, (0, 0, 0, 0))": {"1": 11.0, "2": 0, "3": 0, "4": 0}, "(-1, 1, (0, 1, 0, 1))": {"1": -8.295, "2": -10.0, "3": -7.999999999999322, "4": -10.0}, "(-1, -1, (1, 0, 0, 0))": {"1": -10.0, "2": 11.769230769230768, "3": -9.0, "4": -9.5}, "(-1, -1, (1, 1, 0, 0))": {"1": -10.0, "2": -10.0, "3": -8.5003645, "4": -9.5}, "(-1, 0, (0, 0, 0, 1))": {"1": -8.76923076923077, "2": -9.499999999999973, "3": -8.5, "4": -9.500009841499915}, "(1, 1, (1, 1, 0, 0))": {"1": -10.0, "2": -10.0, "3": 11.5, "4": 11.497484949999999}, "(1, 1, (1, 0, 0, 1))": {"1": -10.0, "2": -8.5, "3": 11.5, "4": 0}, "(1, 1, (0, 0, 0, 0))": {"1": -8.0, "2": -8.5, "3": 11.5, "4": 11.5}, "(1, 1, (0, 1, 0, 1))": {"1": -8.0, "2": -10.0, "3": 11.5, "4": 0.0}, "(-1, 0, (0, 1, 1, 0))": {"1": 10.5, "2": -9.5, "3": -10.0, "4": -9.5}, "(-1, 1, (1, 0, 1, 0))": {"1": -10.0, "2": -9.476915, "3": -10.0, "4": 10.835596652149402}, "(-1, 0, (1, 0, 0, 0))": {"1": -10.0, "2": -9.5, "3": -8.50085050000001, "4": -9.499999987731684}, "(-1, 1, (1, 1, 0, 0))": {"1": -10.0, "2": -10.0, "3": -8.499999998493365, "4": -8.5}, "(-1, 1, (0, 0, 1, 1))": {"1": 10.823525667272039, "2": 0, "3": 0, "4": 0}, "(1, -1, (1, 0, 0, 1))": {"1": -9.0, "2": 11.0, "3": 0, "4": 0}, "(1, 1, (0, 0, 1, 1))": {"1": -8.0, "2": -8.348505549999999, "3": 0.0, "4": 0.0}, "(-1, 1, (0, 1, 1, 0))": {"1": 7.384615384615383, "2": -10.0, "3": -10.0, "4": 10.949999995480093}, "(1, 1, (1, 0, 1, 0))": {"1": -10.0, "2": -8.5, "3": -9.999999999999153, "4": 11.5}, "(1, 0, (0, 1, 1, 0))": {"1": -8.993439, "2": -10.0, "3": 0, "4": 0}, "(1, 0, (1, 1, 0, 0))": {"1": -10.0, "2": -10.0, "3": 11.49999317983941, "4": 0}, "(-1, -1, (0, 1, 0, 1))": {"1": 10.5, "2": 0, "3": 0, "4": 0}, "(-1, -1, (0, 0, 1, 1))": {"1": 10.499926287164971, "2": 0, "3": 0, "4": -10.0}, "(-1, 0, (0, 0, 0, 0))": {"1": 10.5, "2": -9.5, "3": 0.0, "4": 0.0}, "(-1, -1, (0, 1, 1, 0))": {"1": 10.503940650628268, "2": 0, "3": 0, "4": 0}, "(-1, 1, (1, 0, 0, 1))": {"1": -10.0, "2": -9.476915, "3": -8.5, "4": -10.0}, "(1, 0, (0, 1, 0, 1))": {"1": -8.788499999999999, "2": -10.0, "3": 11.5, "4": 0}, "(1, 0, (0, 0, 1, 1))": {"1": -8.788499999999999, "2": -8.499999999997598, "3": 0, "4": 0}, "(1, -1, (0, 1, 0, 1))": {"1": -9.0, "2": 0, "3": 0, "4": 0}, "(1, 0, (1, 0, 0, 1))": {"1": -8.499999999999378, "2": -8.5, "3": 0, "4": 0}, "(-1, -1, (1, 0, 1, 0))": {"1": -10.0, "2": 10.5, "3": 0, "4": 0}, "(1, -1, (1, 1, 0, 0))": {"1": -10.0, "2": -10.0, "3": 11.499744794186487, "4": 0}, "(-1, -1, (1, 0, 0, 1))": {"1": -10.0, "2": 10.5, "3": 0, "4": 0}, "(1, 0, (1, 0, 1, 0))": {"1": -10.0, "2": 0, "3": 0, "4": 0}, "(1, -1, (0, 1, 1, 0))": {"1": -9.0, "2": -10.0, "3": -10.0, "4": -8.5}, "(-1, 1, (1, 1, 1, 0))": {"1": -10.0, "2": -10.0, "3": -10.0, "4": 11.999999999999998}, "(-1, 0, (1, 0, 0, 1))": {"1": -10.0, "2": -9.5, "3": -8.5, "4": -10.0}, "(-1, -1, (1, 1, 0, 1))": {"1": -10.0, "2": -10.0, "3": -9.0, "4": 0}, "(-1, 0, (1, 0, 1, 0))": {"1": -9.999999999999924, "2": -9.5, "3": -10.0, "4": -9.5}, "(1, 1, (1, 1, 1, 0))": {"1": -10.0, "2": -10.0, "3": -10.0, "4": 11.999999999999998}, "(-1, 0, (0, 1, 1, 1))": {"1": 10.5, "2": 0, "3": 0, "4": 0}, "(1, 1, (1, 0, 1, 1))": {"1": -10.0, "2": -8.5, "3": 0, "4": 0}, "(1, -1, (1, 0, 1, 0))": {"1": -10.0, "2": 11.0, "3": 0, "4": 0}, "(-1, 1, (0, 1, 1, 1))": {"1": 11.550002418057835, "2": 0, "3": 0, "4": 0}, "(1, -1, (1, 1, 0, 1))": {"1": -10.0, "2": 0, "3": 0, "4": 0}, "(-1, -1, (1, 0, 1, 1))": {"1": 11.0, "2": 0, "3": 0, "4": 0}, "(-1, 0, (1, 0, 1, 1))": {"1": -10.0, "2": 0, "3": 0, "4": 0}, "(1, 1, (1, 1, 0, 1))": {"1": -10.0, "2": 0, "3": 0, "4": 0}, "(-1, -1, (1, 1, 1, 0))": {"1": -10.0, "2": -10.0, "3": -10.0, "4": 0}, "(-1, -1, (0, 1, 1, 1))": {"1": 10.5, "2": 0, "3": 0, "4": 0}, "(-1, -1, (1, 1, 1, 1))": {"1": -10.0, "2": 0, "3": 0, "4": 0}, "(1, 0, (1, 1, 0, 1))": {"1": -10.0, "2": 0, "3": 0, "4": 0}}