{"(-1, -1, (0, 0, 0, 0))": {"1": -9.4, "2": 10.3, "3": -9.4, "4": 0}, "(-1, -1, (0, 0, 1, 0))": {"1": 10.299991930879965, "2": -9.7, "3": -10.0, "4": -9.7}, "(-1, -1, (0, 0, 0, 1))": {"1": -9.240400016212297, "2": -9.7, "3": -9.4, "4": -10.0}, "(1, -1, (1, 0, 1, 0))": {"1": -10.0, "2": 10.6, "3": 0, "4": 0}, "(-1, 1, (0, 0, 0, 0))": {"1": -8.8, "2": -9.7, "3": -8.8, "4": 10.3}, "(-1, 1, (0, 0, 1, 0))": {"1": 7.866666666666665, "2": -9.7, "3": -8.8, "4": 10.299999999999999}, "(-1, 1, (0, 1, 0, 0))": {"1": 11.199999999999998, "2": -10.0, "3": -8.8, "4": -8.864}, "(1, 1, (0, 0, 1, 0))": {"1": -8.8, "2": -9.1, "3": -9.999999999998902, "4": 10.9}, "(1, 1, (0, 0, 0, 1))": {"1": -8.8, "2": -9.1, "3": 10.9, "4": -10.0}, "(1, 1, (1, 0, 1, 0))": {"1": -9.999999999999995, "2": -9.1, "3": -10.0, "4": 10.9}, "(-1, -1, (1, 0, 0, 0))": {"1": -10.0, "2": 9.683039684116318, "3": -9.4, "4": -9.7}, "(-1, -1, (0, 1, 0, 0))": {"1": 11.199999999999998, "2": -10.0, "3": -9.15, "4": -9.7}, "(1, -1, (0, 0, 1, 0))": {"1": -9.4, "2": 10.9, "3": 0.0, "4": -9.1}, "(1, -1, (1, 0, 0, 1))": {"1": -10.0, "2": 10.9, "3": 0, "4": -10.0}, "(1, 1, (0, 0, 0, 0))": {"1": -8.8, "2": -9.1, "3": 10.9, "4": 10.9}, "(1, 1, (1, 0, 0, 0))": {"1": -9.1, "2": -9.1, "3": 10.9, "4": 10.9}, "(-1, 1, (1, 0, 0, 0))": {"1": -10.0, "2": -9.7, "3": -9.090399877080678, "4": -9.1}, "(-1, 1, (0, 0, 0, 1))": {"1": 11.199999999999998, "2": -9.7, "3": -8.8, "4": -10.0}, "(1, 0, (0, 1, 0, 0))": {"1": -9.698559999999999, "2": -10.0, "3": 10.9, "4": -9.4}, "(1, 0, (0, 0, 1, 0))": {"1": -9.549999999999999, "2": -9.675999999999998, "3": -9.99999999999978, "4": -8.8}, "(1, -1, (0, 1, 0, 0))": {"1": -9.4, "2": -9.9999999143936, "3": 10.9, "4": 0}, "(1, -1, (0, 0, 0, 1))": {"1": -9.4, "2": 10.300000000000002, "3": 10.600000030718034, "4": -10.0}, "(1, -1, (1, 0, 0, 0))": {"1": -10.0, "2": 10.9, "3": 10.6, "4": -9.1}, "(1, -1, (0, 0, 0, 0))": {"1": -9.399999999997537, "2": 10.9, "3": 0, "4": 0}, "(1, 0, (0, 0, 0, 1))": {"1": -9.699999999999998, "2": -9.436, "3": 9.968589743589744, "4": -10.0}, "(1, 0, (1, 0, 0, 0))": {"1": -9.999999999999952, "2": -9.1, "3": -9.4, "4": -9.1}, "(1, 1, (0, 1, 0, 0))": {"1": -8.8, "2": -9.1, "3": 10.9, "4": 0}, "(-1, 0, (0, 1, 0, 0))": {"1": 10.171794871794871, "2": -9.700003839999999, "3": -9.1, "4": -9.7}, "(-1, 0, (0, 0, 1, 0))": {"1": 7.243999677135061, "2": -9.7, "3": -10.0, "4": -9.7}, "(-1, 1, (1, 1, 0, 0))": {"1": -10.0, "2": -9.1000000036864, "3": -9.099999999999998, "4": -9.1}, "(-1, 1, (0, 1, 1, 0))": {"1": -8.799999999999999, "2": -10.0, "3": -10.0, "4": 11.199760383386579}, "(-1, 1, (1, 0, 1, 0))": {"1": -8.448, "2": -9.699999998410751, "3": -10.0, "4": 10.334571062740077}, "(-1, 0, (1, 0, 0, 0))": {"1": -10.0, "2": -9.7, "3": -9.100000122880012, "4": -9.7}, "(-1, 0, (0, 0, 0, 1))": {"1": -9.4, "2": -9.699999006719999, "3": -9.1, "4": -9.7}, "(-1, 1, (0, 1, 0, 1))": {"1": 11.199999999999998, "2": -9.999999999999979, "3": -9.339999999999524, "4": -10.0}, "(1, 1, (0, 1, 1, 0))": {"1": -8.8, "2": -9.7, "3": -10.0, "4": 10.9}, "(-1, 1, (0, 0, 1, 1))": {"1": 10.305769230769231, "2": -9.7, "3": -10.0, "4": -10.0}, "(1, 0, (0, 1, 0, 1))": {"1": -9.699999956991999, "2": -10.0, "3": 10.9, "4": -10.0}, "(1, 0, (0, 1, 1, 0))": {"1": -9.4, "2": -10.0, "3": -10.0, "4": -9.1}, "(-1, 0, (0, 1, 0, 1))": {"1": -9.7, "2": -10.0, "3": -9.1, "4": -10.0}, "(-1, 0, (0, 1, 1, 0))": {"1": 10.299999999999999, "2": -10.0, "3": -10.0, "4": -9.7}, "(-1, 1, (1, 0, 0, 1))": {"1": -9.3344, "2": -9.7, "3": -9.1, "4": -10.0}, "(1, 1, (0, 0, 1, 1))": {"1": -9.549999999999999, "2": -9.1, "3": -10.0, "4": -10.0}, "(1, 1, (1, 1, 0, 0))": {"1": -10.0, "2": -10.0, "3": 10.9, "4": 10.9}, "(1, 1, (1, 0, 0, 1))": {"1": -9.1, "2": -9.1, "3": 10.9, "4": 0}, "(-1, -1, (1, 1, 0, 0))": {"1": -10.0, "2": -10.0, "3": -9.05, "4": -9.7}, "(-1, -1, (0, 0, 1, 1))": {"1": -9.4, "2": 10.299999999999999, "3": -10.0, "4": -10.0}, "(1, 1, (1, 0, 1, 1))": {"1": -10.0, "2": -9.1, "3": -10.0, "4": -10.0}, "(1, -1, (1, 1, 0, 0))": {"1": -10.0, "2": -10.0, "3": 10.9, "4": 0}, "(-1, -1, (1, 0, 1, 0))": {"1": -10.0, "2": 10.6, "3": 0, "4": 0}, "(1, -1, (0, 1, 0, 1))": {"1": -9.39999999999957, "2": -10.0, "3": 10.9, "4": 0}, "(1, -1, (0, 0, 1, 1))": {"1": -9.4, "2": 10.842307692307692, "3": 0, "4": -9.39999916032}, "(-1, -1, (0, 1, 0, 1))": {"1": 10.6, "2": 0, "3": 0, "4": 0}, "(-1, 0, (1, 1, 0, 0))": {"1": -10.0, "2": -10.0, "3": -9.099999999998428, "4": -9.7}, "(-1, -1, (0, 1, 1, 0))": {"1": 10.45, "2": -10.0, "3": -10.0, "4": -9.699999999987284}, "(-1, -1, (1, 0, 0, 1))": {"1": -10.0, "2": -9.7, "3": -9.109615384615385, "4": -10.0}, "(1, 1, (0, 1, 0, 1))": {"1": -7.040000000000001, "2": -9.999999999999893, "3": 10.9, "4": -10.0}, "(1, 0, (1, 0, 0, 1))": {"1": -9.399999998656511, "2": -9.1, "3": -9.1, "4": -10.0}, "(1, 0, (0, 0, 1, 1))": {"1": -8.8, "2": -9.699999938559522, "3": -10.0, "4": -10.0}, "(1, 0, (1, 1, 0, 0))": {"1": -9.697996799999999, "2": -10.0, "3": 7.566666666666667, "4": -9.1}, "(-1, 0, (0, 0, 0, 0))": {"1": 10.299999999999999, "2": -9.699999801344, "3": 0, "4": 0}, "(-1, 0, (1, 0, 1, 0))": {"1": -10.0, "2": -9.7, "3": -10.0, "4": -9.7}, "(-1, 0, (1, 0, 0, 1))": {"1": -10.0, "2": -9.699999999987284, "3": -9.109677419354838, "4": -10.0}, "(-1, 1, (0, 1, 1, 1))": {"1": 11.199999999999998, "2": 0, "3": 0, "4": 0}, "(1, 0, (1, 1, 0, 1))": {"1": -10.0, "2": -10.0, "3": 10.9, "4": 0}, "(-1, -1, (1, 1, 0, 1))": {"1": -10.0, "2": -10.0, "3": -9.1, "4": -10.0}, "(1, 0, (0, 0, 0, 0))": {"1": -9.4, "2": -9.099999999988071, "3": 10.6, "4": -9.1}, "(1, 0, (1, 0, 1, 0))": {"1": -10.0, "2": -9.1, "3": -10.0, "4": -9.1}, "(-1, -1, (0, 1, 1, 1))": {"1": 9.654838709677419, "2": -10.0, "3": -10.0, "4": -10.0}, "(1, -1, (0, 1, 1, 1))": {"1": -9.699996927992135, "2": -10.0, "3": -10.0, "4": -10.0}, "(-1, 0, (0, 0, 1, 1))": {"1": 10.299999999999999, "2": -9.7, "3": -10.0, "4": -10.0}, "(1, 0, (0, 1, 1, 1))": {"1": -9.697955839999999, "2": 0, "3": 0, "4": 0}, "(1, 0, (1, 0, 1, 1))": {"1": -10.0, "2": -9.1, "3": -10.0, "4": 0}, "(1, -1, (1, 1, 0, 1))": {"1": -10.0, "2": -10.0, "3": 10.6, "4": 0.0}, "(1, -1, (0, 1, 1, 0))": {"1": -9.4, "2": -10.0, "3": -10.0, "4": -9.1}, "(-1, 1, (1, 1, 0, 1))": {"1": -10.0, "2": -10.0, "3": -9.1, "4": -10.0}, "(-1, 1, (1, 1, 1, 0))": {"1": -10.0, "2": -10.0, "3": -10.0, "4": 11.199999999999998}, "(-1, 0, (0, 1, 1, 1))": {"1": 10.3, "2": 0, "3": 0, "4": 0}, "(1, 1, (1, 1, 1, 0))": {"1": -10.0, "2": -10.0, "3": -10.0, "4": 10.9}, "(-1, -1, (1, 0, 1, 1))": {"1": -10.0, "2": 10.35, "3": -10.0, "4": -10.0}, "(1, 1, (1, 1, 1, 1))": {"1": -10.0, "2": -10.0, "3": -10.0, "4": 0}, "(1, 1, (1, 1, 0, 1))": {"1": -10.0, "2": -10.0, "3": 10.9, "4": 0}, "(1, -1, (1, 1, 1, 0))": {"1": -10.0, "2": 0, "3": 0, "4": 0}, "(1, -1, (1, 0, 1, 1))": {"1": -10.0, "2": 10.9, "3": 0, "4": 0}, "(-1, -1, (1, 1, 1, 0))": {"1": -10.0, "2": -10.0, "3": -10.0, "4": -9.699993855984271}, "(-1, 0, (1, 1, 0, 1))": {"1": -10.0, "2": -10.0, "3": -9.099999999999904, "4": 0}, "(-1, 0, (1, 1, 1, 0))": {"1": -10.0, "2": -10.0, "3": -10.0, "4": -9.7}, "(-1, 1, (1, 0, 1, 1))": {"1": -10.0, "2": -9.7, "3": 0, "4": 0}, "(-1, -1, (1, 1, 1, 1))": {"1": -10.0, "2": -10.0, "3": -10.0, "4": -10.0}, "(-1, 0, (1, 0, 1, 1))": {"1": -10.0, "2": 0, "3": 0, "4": 0}}