{"(1, -1, (0, 0, 0, 0))": {"1": -8.999999999975419, "2": 11.0, "3": 11.0, "4": -8.499999999973326}, "(1, -1, (0, 0, 1, 0))": {"1": -9.0, "2": 11.0, "3": 0, "4": -8.5}, "(1, -1, (0, 0, 0, 1))": {"1": -9.0, "2": 11.0, "3": 11.0, "4": -8.500000000001412}, "(1, -1, (0, 1, 0, 0))": {"1": -8.97813, "2": -9.999999999998222, "3": 11.0, "4": 0}, "(1, 0, (0, 1, 0, 1))": {"1": -8.295, "2": -9.999999999968619, "3": 11.999999999999998, "4": 0}, "(1, 0, (0, 1, 1, 0))": {"1": -8.0, "2": -10.0, "3": -10.0, "4": -9.5}, "(-1, 1, (0, 0, 0, 0))": {"1": -8.5, "2": -8.5, "3": -8.0, "4": 11.999999999999998}, "(1, 1, (0, 0, 1, 0))": {"1": -9.499999999996339, "2": -9.5, "3": -10.0, "4": -10.0}, "(1, 1, (0, 0, 0, 1))": {"1": -8.0, "2": -8.5, "3": 11.5, "4": -10.0}, "(1, 1, (1, 0, 0, 0))": {"1": -8.5, "2": -8.5, "3": 11.5, "4": 10.5}, "(1, 1, (0, 1, 0, 0))": {"1": -8.0, "2": -10.0, "3": 11.5, "4": 0}, "(-1, 1, (1, 0, 0, 0))": {"1": -9.99997165648, "2": -9.5, "3": -8.50947314950804, "4": -9.5}, "(-1, 1, (0, 0, 0, 1))": {"1": 10.612542355289671, "2": -9.5, "3": -10.0, "4": -10.0}, "(-1, 1, (0, 1, 0, 0))": {"1": -8.0, "2": -10.0, "3": -8.499999114265, "4": 11.999999999864402}, "(-1, 1, (0, 0, 1, 0))": {"1": -10.0, "2": -9.49995407299934, "3": -10.0, "4": -10.0}, "(-1, -1, (0, 0, 0, 0))": {"1": 11.0, "2": 0, "3": 0, "4": -9.5}, "(-1, -1, (0, 0, 1, 0))": {"1": -8.999999992441188, "2": 10.5, "3": 0, "4": -9.5}, "(-1, -1, (0, 0, 0, 1))": {"1": 6.384615384615384, "2": 10.999923449977553, "3": -8.000142155, "4": -10.0}, "(1, 0, (0, 0, 0, 1))": {"1": -9.0, "2": -8.5, "3": -9.0, "4": -10.0}, "(1, 0, (0, 0, 1, 0))": {"1": -9.0, "2": -8.5, "3": -10.0, "4": -9.5}, "(1, 0, (0, 1, 0, 0))": {"1": -9.0, "2": -10.0, "3": 11.0, "4": -8.999999999999858}, "(1, 0, (1, 0, 0, 0))": {"1": -9.0, "2": -8.5, "3": -8.999999973526267, "4": -8.5}, "(1, 1, (1, 0, 0, 1))": {"1": -10.0, "2": -8.499999999999378, "3": 11.5, "4": 0}, "(-1, 1, (1, 0, 1, 0))": {"1": -10.0, "2": -9.5, "3": -9.999999999997176, "4": -9.5}, "(-1, 0, (0, 0, 0, 0))": {"1": -8.0, "2": -7.999842536, "3": -9.499999999900627, "4": -9.5}, "(-1, 0, (0, 0, 1, 0))": {"1": 10.499992745829193, "2": -9.5, "3": -10.0, "4": -9.5}, "(-1, -1, (0, 1, 0, 0))": {"1": 10.5, "2": -10.0, "3": -8.999999999999932, "4": -9.5}, "(-1, -1, (1, 0, 1, 0))": {"1": -9.997813, "2": 11.0, "3": 0, "4": 0}, "(1, -1, (1, 0, 0, 0))": {"1": -9.0, "2": 11.0, "3": 0, "4": -8.5}, "(-1, 1, (0, 1, 1, 0))": {"1": -9.0, "2": -9.999999999999998, "3": -10.0, "4": 11.999993799844015}, "(-1, 0, (0, 0, 0, 1))": {"1": 10.5, "2": -9.5, "3": -9.5, "4": -9.999999073370615}, "(1, 1, (0, 0, 1, 1))": {"1": -9.5, "2": -9.5, "3": -9.999999999999153, "4": -10.0}, "(1, 1, (1, 0, 1, 0))": {"1": -10.0, "2": -8.5, "3": -10.0, "4": -10.0}, "(-1, 0, (1, 0, 0, 1))": {"1": -9.9999822853, "2": -9.0, "3": -9.499376705, "4": -10.0}, "(-1, -1, (1, 0, 0, 0))": {"1": -9.0, "2": -8.5, "3": -9.00404848539315, "4": -9.0}, "(1, -1, (1, 0, 1, 0))": {"1": -9.0, "2": 11.0, "3": 0, "4": 0}, "(-1, 0, (0, 1, 0, 0))": {"1": -9.5, "2": -9.5, "3": -8.5, "4": -9.49994390345}, "(-1, 1, (1, 0, 0, 1))": {"1": -10.0, "2": -9.5, "3": -10.0, "4": -10.0}, "(-1, -1, (0, 1, 0, 1))": {"1": 11.0, "2": 0, "3": 0, "4": 0}, "(1, 1, (0, 0, 0, 0))": {"1": -7.999999999999998, "2": -8.5, "3": 11.5, "4": 0}, "(1, -1, (0, 1, 0, 1))": {"1": -8.993439, "2": -9.73, "3": 11.0, "4": 0}, "(1, -1, (0, 0, 1, 1))": {"1": -8.999995217031, "2": 11.0, "3": 0, "4": 0}, "(-1, -1, (0, 1, 1, 0))": {"1": 11.0, "2": 0, "3": 0, "4": 0}, "(-1, 0, (1, 0, 1, 0))": {"1": -9.999998228530002, "2": -10.0, "3": -10.0, "4": -9.5}, "(1, 0, (0, 0, 1, 1))": {"1": -9.0, "2": -9.5, "3": -9.999343900000001, "4": -10.0}, "(-1, -1, (1, 0, 0, 1))": {"1": -10.0, "2": 11.0, "3": 0, "4": -9.499999999999998}, "(1, 0, (1, 0, 1, 0))": {"1": -10.0, "2": -9.5, "3": -9.99999995695328, "4": -9.5}, "(-1, 1, (1, 1, 0, 0))": {"1": -10.0, "2": -9.999999999999996, "3": -8.999890650000001, "4": 11.999999999999998}, "(1, 1, (0, 1, 1, 0))": {"1": -9.5, "2": -10.0, "3": -10.0, "4": -10.0}, "(-1, -1, (0, 0, 1, 1))": {"1": -9.0, "2": 10.987685074731598, "3": -9.999999999999998, "4": -10.0}, "(-1, 0, (1, 0, 0, 0))": {"1": -10.0, "2": -9.49792235, "3": -8.49999981399562, "4": -8.95356}, "(1, 1, (1, 1, 0, 0))": {"1": -10.0, "2": -10.0, "3": 11.384615384615383, "4": 11.504047049700768}, "(-1, 0, (0, 0, 1, 1))": {"1": 10.5, "2": -9.499983171035, "3": -10.0, "4": -10.0}, "(1, -1, (0, 1, 1, 0))": {"1": -9.0, "2": -10.0, "3": -10.0, "4": -9.5}, "(1, -1, (1, 0, 1, 1))": {"1": -9.999999999999993, "2": 11.0, "3": 0, "4": 0}, "(-1, 0, (1, 1, 0, 0))": {"1": -9.99980317, "2": -10.0, "3": -8.5, "4": -9.5}, "(-1, 0, (0, 1, 0, 1))": {"1": 10.5, "2": 0, "3": 0, "4": 0}, "(1, 0, (1, 1, 0, 0))": {"1": -9.999999999990585, "2": -9.999999996125796, "3": -9.0, "4": -8.5}, "(1, 1, (0, 1, 0, 1))": {"1": -7.9982504, "2": -10.0, "3": 11.5, "4": 0}, "(-1, -1, (1, 1, 0, 0))": {"1": -9.999940951000001, "2": -10.0, "3": -10.0, "4": -8.028581510232886}, "(1, -1, (1, 0, 0, 1))": {"1": -7.0, "2": 11.350076561744054, "3": 0, "4": 0}, "(1, -1, (0, 1, 1, 1))": {"1": -8.97813, "2": -10.0, "3": 0, "4": 0}, "(-1, 1, (0, 0, 1, 1))": {"1": 11.0, "2": -9.5, "3": -9.999999999968619, "4": -9.999999019491355}, "(-1, 0, (0, 1, 1, 0))": {"1": -4.5, "2": -10.0, "3": -9.999999999999977, "4": -9.5}, "(1, -1, (1, 1, 0, 0))": {"1": -10.0, "2": -10.0, "3": 11.0, "4": 0}, "(-1, 0, (0, 1, 1, 1))": {"1": 10.5, "2": 0.0, "3": -9.999999999999998, "4": 0.0}, "(-1, 0, (1, 1, 1, 0))": {"1": -10.0, "2": -10.0, "3": -10.0, "4": -9.153846153846153}, "(-1, 1, (1, 1, 1, 0))": {"1": -10.0, "2": -10.0, "3": -10.0, "4": 11.999999999999998}, "(1, 1, (1, 1, 1, 0))": {"1": -10.0, "2": -10.0, "3": -10.0, "4": -10.0}, "(1, 0, (1, 0, 0, 1))": {"1": -10.0, "2": -8.5, "3": -9.0, "4": -10.0}, "(1, -1, (1, 1, 0, 1))": {"1": -10.0, "2": -10.0, "3": 11.0, "4": 0}, "(1, 1, (1, 0, 1, 1))": {"1": -10.0, "2": -9.268670122550844, "3": -10.0, "4": -10.0}, "(1, 0, (1, 1, 1, 0))": {"1": -10.0, "2": -10.0, "3": 0, "4": 0}, "(-1, 1, (0, 1, 0, 1))": {"1": -9.0, "2": -9.499983171035, "3": -8.0, "4": -10.0}, "(-1, -1, (0, 1, 1, 1))": {"1": 10.532374100719425, "2": 0, "3": 0, "4": 0}, "(1, 1, (0, 1, 1, 1))": {"1": -9.5, "2": -10.0, "3": -10.0, "4": -10.0}, "(-1, -1, (1, 0, 1, 1))": {"1": -10.0, "2": 11.0, "3": 0, "4": 0}, "(-1, -1, (1, 1, 0, 1))": {"1": -10.0, "2": -10.0, "3": 0, "4": 0}, "(-1, -1, (1, 1, 1, 0))": {"1": -10.0, "2": -10.0, "3": -10.0, "4": -8.0}, "(-1, 1, (0, 1, 1, 1))": {"1": -10.0, "2": -10.0, "3": 0, "4": 0}, "(-1, 0, (1, 0, 1, 1))": {"1": -10.0, "2": -9.0, "3": -10.0, "4": -10.0}, "(-1, 1, (1, 0, 1, 1))": {"1": -10.0, "2": -9.00121411641577, "3": -10.0, "4": -10.0}, "(1, 1, (1, 1, 0, 1))": {"1": -10.0, "2": -10.0, "3": 11.646056475170399, "4": 0}, "(-1, 1, (1, 1, 0, 1))": {"1": -10.0, "2": -10.0, "3": -8.0, "4": -10.0}, "(1, 0, (0, 0, 0, 0))": {"1": -9.5, "2": -8.5, "3": 0, "4": 0}, "(-1, 1, (1, 1, 1, 1))": {"1": -10.0, "2": -10.0, "3": -10.0, "4": -10.0}, "(1, 0, (1, 1, 0, 1))": {"1": -10.0, "2": -10.0, "3": 11.0, "4": 0}, "(1, 1, (1, 1, 1, 1))": {"1": -10.0, "2": 0, "3": 0, "4": 0}, "(1, 0, (1, 0, 1, 1))": {"1": -10.0, "2": -9.0, "3": -10.0, "4": -10.0}, "(1, -1, (1, 1, 1, 0))": {"1": -10.0, "2": 0, "3": 0, "4": 0}}